pollo,guerrero,83,4
pollo,guerrero,83,4
pollo,guerrero,83,4
pollo,guerrero,83,4
pollo,guerrero,83,4
pollo,guerrero,83,4
pollo,guerrero,83,4
pollo,guerrero,83,4
pollo,guerrero,83,4
pollo,guerrero,83,4
pollo,guerrero,83,4
pollo,guerrero,83,4
pollo,guerrero,83,4
pollo,guerrero,83,4
pollo,guerrero,83,4
pollo,guerrero,83,4
pollo,guerrero,83,4
pollo,guerrero,83,4
pollo,guerrero,83,4
pollo,guerrero,83,4
pollo,guerrero,83,4
pollo,guerrero,83,4
pollo,guerrero,83,4
pollo,guerrero,83,4
pollo,guerrero,83,4
pollo,guerrero,83,4
pollo,guerrero,83,4
pollo,guerrero,83,4
pollo,guerrero,83,4
pollo,guerrero,83,4
pollo,guerrero,83,4
pollo,guerrero,83,4
pollo,guerrero,83,4
pollo,guerrero,83,4
pollo,guerrero,83,4
pollo,guerrero,83,4
pollo,guerrero,83,4
pollo,guerrero,83,4
pollo,guerrero,83,4
pollo,guerrero,83,4
pollo,guerrero,83,4
pollo,guerrero,83,4
pollo,guerrero,83,4
pollo,guerrero,83,4
pollo,guerrero,83,4
pollo,guerrero,83,4
pollo,guerrero,83,4
pollo,guerrero,83,4
pollo,guerrero,83,4
pollo,guerrero,83,4
pollo,guerrero,83,4
pollo,guerrero,83,4
pollo,guerrero,83,4
pollo,guerrero,83,4
pollo,guerrero,83,4
pollo,guerrero,83,4
pollo,guerrero,83,4
pollo,guerrero,83,4
pollo,guerrero,83,4
pollo,guerrero,83,4
pollo,guerrero,83,4
pollo,guerrero,83,4
pollo,guerrero,83,4
pollo,guerrero,83,4
pollo,guerrero,83,4
pollo,guerrero,83,4
pollo,guerrero,83,4
pollo,guerrero,83,4
pollo,guerrero,83,4
pollo,guerrero,83,4
pollo,guerrero,83,4
pollo,guerrero,83,4
pollo,guerrero,83,4
pollo,guerrero,83,4
pollo,guerrero,83,4
pollo,guerrero,83,4
pollo,guerrero,83,4
pollo,guerrero,83,4
pollo,guerrero,83,4
pollo,guerrero,83,4
pollo,guerrero,83,4
pollo,guerrero,83,4
pollo,guerrero,83,4
pollo,guerrero,83,4
pollo,guerrero,83,4
pollo,guerrero,83,4
pollo,guerrero,83,4
pollo,guerrero,83,4
pollo,guerrero,83,4
pollo,guerrero,83,4
pollo,guerrero,83,4
pollo,guerrero,83,4
pollo,guerrero,83,4
pollo,guerrero,83,4
pollo,guerrero,83,4
pollo,guerrero,83,4
pollo,guerrero,83,4
pollo,guerrero,83,4
pollo,guerrero,83,4
pollo,guerrero,83,4
pollo,guerrero,83,4
pollo,guerrero,83,4
pollo,guerrero,83,4
pollo,guerrero,83,4
pollo,guerrero,83,4
pollo,guerrero,83,4
pollo,guerrero,83,4
pollo,guerrero,83,4
pollo,guerrero,83,4
pollo,guerrero,83,4
pollo,guerrero,83,4
pollo,guerrero,83,4
pollo,guerrero,83,4
pollo,guerrero,83,4
pollo,guerrero,83,4
pollo,guerrero,83,4
pollo,guerrero,83,4
pollo,guerrero,83,4
pollo,guerrero,83,4
pollo,guerrero,83,4
pollo,guerrero,83,4
pollo,guerrero,83,4
pollo,guerrero,83,4
pollo,guerrero,83,4
pollo,guerrero,83,4
pollo,guerrero,83,4
pollo,guerrero,83,4
pollo,guerrero,83,4
pollo,guerrero,83,4
pollo,guerrero,83,4
pollo,guerrero,83,4
pollo,guerrero,83,4
pollo,guerrero,83,4
pollo,guerrero,83,4